{
  "Total" : {
    "transaction" : "Total",
    "sampleCount" : 4088,
    "errorCount" : 0,
    "errorPct" : 0.0,
    "meanResTime" : 3412.4713796477545,
    "medianResTime" : 3289.5,
    "minResTime" : 0.0,
    "maxResTime" : 10963.0,
    "pct1ResTime" : 6678.799999999999,
    "pct2ResTime" : 7590.099999999999,
    "pct3ResTime" : 9373.77,
    "throughput" : 350.6003430531732,
    "receivedKBytesPerSec" : 4726.982187365995,
    "sentKBytesPerSec" : 44.72187231989708
  },
  "get all todos" : {
    "transaction" : "get all todos",
    "sampleCount" : 2000,
    "errorCount" : 0,
    "errorPct" : 0.0,
    "meanResTime" : 3776.653999999999,
    "medianResTime" : 3573.5,
    "minResTime" : 60.0,
    "maxResTime" : 10963.0,
    "pct1ResTime" : 6724.700000000001,
    "pct2ResTime" : 7916.949999999989,
    "pct3ResTime" : 9650.710000000001,
    "throughput" : 172.01341704652964,
    "receivedKBytesPerSec" : 4657.180535472392,
    "sentKBytesPerSec" : 20.32580416272469
  },
  "create a to do" : {
    "transaction" : "create a to do",
    "sampleCount" : 957,
    "errorCount" : 0,
    "errorPct" : 0.0,
    "meanResTime" : 5495.71264367816,
    "medianResTime" : 6040.0,
    "minResTime" : 1522.0,
    "maxResTime" : 10539.0,
    "pct1ResTime" : 7431.0,
    "pct2ResTime" : 7904.699999999995,
    "pct3ResTime" : 9429.379999999974,
    "throughput" : 86.83422556936756,
    "receivedKBytesPerSec" : 56.42397539356682,
    "sentKBytesPerSec" : 21.878154489157062
  },
  "update a to do" : {
    "transaction" : "update a to do",
    "sampleCount" : 174,
    "errorCount" : 0,
    "errorPct" : 0.0,
    "meanResTime" : 6536.83908045977,
    "medianResTime" : 6144.0,
    "minResTime" : 5941.0,
    "maxResTime" : 8585.0,
    "pct1ResTime" : 7889.0,
    "pct2ResTime" : 8118.5,
    "pct3ResTime" : 8579.75,
    "throughput" : 19.87208771128369,
    "receivedKBytesPerSec" : 6.248840081087255,
    "sentKBytesPerSec" : 5.026240934787574
  },
  "create a to do-0" : {
    "transaction" : "create a to do-0",
    "sampleCount" : 957,
    "errorCount" : 0,
    "errorPct" : 0.0,
    "meanResTime" : 0.07105538140020895,
    "medianResTime" : 0.0,
    "minResTime" : 0.0,
    "maxResTime" : 2.0,
    "pct1ResTime" : 0.0,
    "pct2ResTime" : 1.0,
    "pct3ResTime" : 1.0,
    "throughput" : 108.92328704757568,
    "receivedKBytesPerSec" : 33.12209676616208,
    "sentKBytesPerSec" : 0.0
  }
}