{
  "delete to do" : {
    "transaction" : "delete to do",
    "sampleCount" : 1973,
    "errorCount" : 0,
    "errorPct" : 0.0,
    "meanResTime" : 13219.601621895621,
    "medianResTime" : 12627.0,
    "minResTime" : 69.0,
    "maxResTime" : 42358.0,
    "pct1ResTime" : 19588.600000000002,
    "pct2ResTime" : 25667.399999999998,
    "pct3ResTime" : 34068.2,
    "throughput" : 30.805021234074445,
    "receivedKBytesPerSec" : 8.00208559400762,
    "sentKBytesPerSec" : 6.407685080915876
  },
  "Total" : {
    "transaction" : "Total",
    "sampleCount" : 12130,
    "errorCount" : 7,
    "errorPct" : 0.057708163,
    "meanResTime" : 9303.325309150845,
    "medianResTime" : 8098.0,
    "minResTime" : 0.0,
    "maxResTime" : 56869.0,
    "pct1ResTime" : 22949.0,
    "pct2ResTime" : 29201.04999999999,
    "pct3ResTime" : 36753.190000000024,
    "throughput" : 115.57113865678326,
    "receivedKBytesPerSec" : 3506.779134103728,
    "sentKBytesPerSec" : 18.420722667973553
  },
  "get all todos" : {
    "transaction" : "get all todos",
    "sampleCount" : 3440,
    "errorCount" : 1,
    "errorPct" : 0.029069768,
    "meanResTime" : 8033.50755813953,
    "medianResTime" : 1437.0,
    "minResTime" : 17.0,
    "maxResTime" : 45768.0,
    "pct1ResTime" : 22862.2,
    "pct2ResTime" : 27309.249999999996,
    "pct3ResTime" : 33007.10000000003,
    "throughput" : 32.77532703869203,
    "receivedKBytesPerSec" : 3474.456587355417,
    "sentKBytesPerSec" : 3.872865792657946
  },
  "create a to do" : {
    "transaction" : "create a to do",
    "sampleCount" : 2302,
    "errorCount" : 2,
    "errorPct" : 0.086880974,
    "meanResTime" : 16933.373153779336,
    "medianResTime" : 13704.0,
    "minResTime" : 41.0,
    "maxResTime" : 56869.0,
    "pct1ResTime" : 33782.5,
    "pct2ResTime" : 36272.85,
    "pct3ResTime" : 39626.679999999935,
    "throughput" : 24.51700854154685,
    "receivedKBytesPerSec" : 16.04811051890962,
    "sentKBytesPerSec" : 6.177136917694421
  },
  "update a to do" : {
    "transaction" : "update a to do",
    "sampleCount" : 2113,
    "errorCount" : 4,
    "errorPct" : 0.1893043,
    "meanResTime" : 9536.701845716985,
    "medianResTime" : 8104.0,
    "minResTime" : 75.0,
    "maxResTime" : 52769.0,
    "pct1ResTime" : 14745.400000000001,
    "pct2ResTime" : 19273.3,
    "pct3ResTime" : 29861.740000000034,
    "throughput" : 33.07039784643315,
    "receivedKBytesPerSec" : 10.432730259296648,
    "sentKBytesPerSec" : 8.396780703195919
  },
  "create a to do-0" : {
    "transaction" : "create a to do-0",
    "sampleCount" : 2302,
    "errorCount" : 0,
    "errorPct" : 0.0,
    "meanResTime" : 0.052128583840139006,
    "medianResTime" : 0.0,
    "minResTime" : 0.0,
    "maxResTime" : 34.0,
    "pct1ResTime" : 0.0,
    "pct2ResTime" : 0.0,
    "pct3ResTime" : 1.0,
    "throughput" : 34.39774068705826,
    "receivedKBytesPerSec" : 10.557652894931488,
    "sentKBytesPerSec" : 0.0
  }
}