{
  "delete to do" : {
    "transaction" : "delete to do",
    "sampleCount" : 7318,
    "errorCount" : 0,
    "errorPct" : 0.0,
    "meanResTime" : 651.9103580213186,
    "medianResTime" : 487.0,
    "minResTime" : 6.0,
    "maxResTime" : 9494.0,
    "pct1ResTime" : 1412.1000000000004,
    "pct2ResTime" : 2044.199999999997,
    "pct3ResTime" : 3733.099999999995,
    "throughput" : 123.96456219402707,
    "receivedKBytesPerSec" : 32.06236011531686,
    "sentKBytesPerSec" : 25.646225548633815
  },
  "Total" : {
    "transaction" : "Total",
    "sampleCount" : 37610,
    "errorCount" : 0,
    "errorPct" : 0.0,
    "meanResTime" : 536.1601169901653,
    "medianResTime" : 250.0,
    "minResTime" : 0.0,
    "maxResTime" : 14108.0,
    "pct1ResTime" : 1068.0,
    "pct2ResTime" : 1653.9000000000015,
    "pct3ResTime" : 2820.980000000003,
    "throughput" : 627.5445504905559,
    "receivedKBytesPerSec" : 1921.91402534852,
    "sentKBytesPerSec" : 103.71699253946139
  },
  "get all todos" : {
    "transaction" : "get all todos",
    "sampleCount" : 7690,
    "errorCount" : 0,
    "errorPct" : 0.0,
    "meanResTime" : 618.7539661898579,
    "medianResTime" : 468.0,
    "minResTime" : 3.0,
    "maxResTime" : 14108.0,
    "pct1ResTime" : 1320.9000000000005,
    "pct2ResTime" : 1961.0,
    "pct3ResTime" : 3910.9900000000016,
    "throughput" : 128.4943272010293,
    "receivedKBytesPerSec" : 1733.8600638659832,
    "sentKBytesPerSec" : 15.183411710277875
  },
  "create a to do" : {
    "transaction" : "create a to do",
    "sampleCount" : 7571,
    "errorCount" : 0,
    "errorPct" : 0.0,
    "meanResTime" : 704.5210672302227,
    "medianResTime" : 493.0,
    "minResTime" : 4.0,
    "maxResTime" : 9801.0,
    "pct1ResTime" : 1579.8000000000002,
    "pct2ResTime" : 2234.3999999999996,
    "pct3ResTime" : 4090.0799999999845,
    "throughput" : 127.32929700639085,
    "receivedKBytesPerSec" : 82.37056687268752,
    "sentKBytesPerSec" : 32.08101428481332
  },
  "update a to do" : {
    "transaction" : "update a to do",
    "sampleCount" : 7460,
    "errorCount" : 0,
    "errorPct" : 0.0,
    "meanResTime" : 710.7210455764083,
    "medianResTime" : 498.0,
    "minResTime" : 6.0,
    "maxResTime" : 10656.0,
    "pct1ResTime" : 1598.9000000000005,
    "pct2ResTime" : 2247.8499999999995,
    "pct3ResTime" : 4293.800000000007,
    "throughput" : 125.93267834835747,
    "receivedKBytesPerSec" : 39.581674901456836,
    "sentKBytesPerSec" : 31.83386363588406
  },
  "create a to do-0" : {
    "transaction" : "create a to do-0",
    "sampleCount" : 7571,
    "errorCount" : 0,
    "errorPct" : 0.0,
    "meanResTime" : 0.023246598864086636,
    "medianResTime" : 0.0,
    "minResTime" : 0.0,
    "maxResTime" : 5.0,
    "pct1ResTime" : 0.0,
    "pct2ResTime" : 0.0,
    "pct3ResTime" : 1.0,
    "throughput" : 127.91660330815888,
    "receivedKBytesPerSec" : 38.565861696825316,
    "sentKBytesPerSec" : 0.0
  }
}