{
  "delete to do" : {
    "transaction" : "delete to do",
    "sampleCount" : 4763,
    "errorCount" : 0,
    "errorPct" : 0.0,
    "meanResTime" : 2063.08062145707,
    "medianResTime" : 1500.0,
    "minResTime" : 7.0,
    "maxResTime" : 26014.0,
    "pct1ResTime" : 4303.200000000001,
    "pct2ResTime" : 7175.000000000006,
    "pct3ResTime" : 13682.959999999995,
    "throughput" : 47.85684142837047,
    "receivedKBytesPerSec" : 12.41712867429114,
    "sentKBytesPerSec" : 9.940163248799308
  },
  "Total" : {
    "transaction" : "Total",
    "sampleCount" : 24898,
    "errorCount" : 2,
    "errorPct" : 0.008032774,
    "meanResTime" : 1624.9248935657477,
    "medianResTime" : 1461.0,
    "minResTime" : 0.0,
    "maxResTime" : 31680.0,
    "pct1ResTime" : 3988.6000000000204,
    "pct2ResTime" : 6882.750000000004,
    "pct3ResTime" : 13220.960000000006,
    "throughput" : 249.08959942374645,
    "receivedKBytesPerSec" : 4548.668582144894,
    "sentKBytesPerSec" : 41.140777723448316
  },
  "get all todos" : {
    "transaction" : "get all todos",
    "sampleCount" : 5155,
    "errorCount" : 1,
    "errorPct" : 0.019398643,
    "meanResTime" : 1876.8360814742964,
    "medianResTime" : 1456.0,
    "minResTime" : 5.0,
    "maxResTime" : 31680.0,
    "pct1ResTime" : 3553.800000000004,
    "pct2ResTime" : 6475.399999999999,
    "pct3ResTime" : 12597.599999999984,
    "throughput" : 51.62278813126508,
    "receivedKBytesPerSec" : 4477.245738757273,
    "sentKBytesPerSec" : 6.099958363167066
  },
  "create a to do" : {
    "transaction" : "create a to do",
    "sampleCount" : 5035,
    "errorCount" : 1,
    "errorPct" : 0.019860974,
    "meanResTime" : 2076.3104270109316,
    "medianResTime" : 1481.0,
    "minResTime" : 7.0,
    "maxResTime" : 31162.0,
    "pct1ResTime" : 4478.800000000001,
    "pct2ResTime" : 7352.999999999988,
    "pct3ResTime" : 13455.720000000032,
    "throughput" : 50.448879804416656,
    "receivedKBytesPerSec" : 32.75341544427077,
    "sentKBytesPerSec" : 12.710752919472165
  },
  "update a to do" : {
    "transaction" : "update a to do",
    "sampleCount" : 4910,
    "errorCount" : 0,
    "errorPct" : 0.0,
    "meanResTime" : 2138.781059063135,
    "medianResTime" : 1513.0,
    "minResTime" : 8.0,
    "maxResTime" : 24947.0,
    "pct1ResTime" : 4857.600000000002,
    "pct2ResTime" : 7555.499999999998,
    "pct3ResTime" : 13265.92000000001,
    "throughput" : 49.31600409794901,
    "receivedKBytesPerSec" : 15.541303330462426,
    "sentKBytesPerSec" : 12.507213234592516
  },
  "create a to do-0" : {
    "transaction" : "create a to do-0",
    "sampleCount" : 5035,
    "errorCount" : 0,
    "errorPct" : 0.0,
    "meanResTime" : 0.03952333664349573,
    "medianResTime" : 0.0,
    "minResTime" : 0.0,
    "maxResTime" : 3.0,
    "pct1ResTime" : 0.0,
    "pct2ResTime" : 0.0,
    "pct3ResTime" : 1.0,
    "throughput" : 50.51366427224206,
    "receivedKBytesPerSec" : 15.26307541120731,
    "sentKBytesPerSec" : 0.0
  }
}